page_url,page_name,priority_tier,target_intent,last_updated,status,gaps_remaining,notes
/sp2000-alternative-evaluation/,SP2000 Alternative Evaluation and Benchmark Process,P0,SP2000 alternative / second-source benchmark candidate,2026-09-24,Updated,"None blocking. Future: condition-labelled result chart is on the Case 001 evidence page (image reuse policy is case-001-only); do not duplicate the chart here.","2026-09-24: added benchmark method schematic (new SVG V23), Case 001 evidence-scope table with non-transferability disclosure, 5-FAQ + FAQPage JSON-LD, tailored SP2000 benchmark CTA, qualification-generator/TDS-tool links, commercial-authority-path."
/thermal-pad-supplier-china/,Thermal Pad Supplier Evaluation in China,P0,thermal pad supplier China / high-intent money page,2026-09-23,Updated,"Monitor CTA click-through; consider thinner above-fold on mobile.","Strengthened 2026-09-23 as high-intent money page (Answer First, 6W engineering logic, application table, benchmark CTA, Case 001/002 evidence, FAQ+JSON-LD)."
/request-sample/,Request a Sample,P0,request sample / sample conversion,2026-09-22,Updated,None known.,Rewritten 2026-09-22 for conversion.
/benchmark-your-current-tim/,Benchmark Your Current TIM,P0,incumbent-versus-candidate benchmark,2026-09-22,Updated,None known.,Conversion path strengthened 2026-09-22.
/china-thermal-interface-material-supplier/,China TIM Supplier Evaluation,P0,thermal interface material second source China,2026-09-15,Updated,"Keyword-map row says 'Published optimize existing' — next pass: tighten above-fold answer and CTA contrast.","Qualification gates added 2026-09-15; remains canonical broad second-source hub."
/obc-thermal-material-supplier/,OBC Thermal Material Supplier,P0,OBC thermal gel second source,2026-09-22,Updated,None known.,Strengthened 2026-09-22 with benchmark+sample CTAs.
/optical-transceiver-tim-supplier/,Optical Transceiver TIM Supplier Evaluation,P1,optical transceiver TIM 400G/800G/1.6T,2026-09-22,Updated,None known.,Conversion path strengthened 2026-09-22.
/thermal-gel-supplier-china/,Thermal Gel Supplier Evaluation in China,P0,thermal gel supplier China,2026-09-22,Updated,None known.,Benchmark+sample CTAs added 2026-09-22.
/discuss-your-application/,Discuss Your Application (private inquiry),P0,private engineering inquiry,2026-09-11,Live,None known.,Private inquiry flow; do not break per AGENTS.md.
