Primary Search Keyword,Commercial Long-Tail Keyword,Supporting Keywords,Question Keywords,Search Intent,Commercial Intent,Product,Application,Target Persona,Estimated Search Demand,Search Demand Evidence,Commercial Intent Score,Product Fit Score,Application Fit Score,Engineer Decision Value Score,Search Demand Evidence Score,Ranking Opportunity Score,AI GEO Citation Potential Score,Validated Score,Tier,Google Ads Test,Existing URL,Status,Publish Date
electrically insulating thermal pad,thermal insulator supplier for IGBT modules,IGBT insulation pad supplier; electrically insulating thermal pad,how to qualify a thermal insulator supplier; what should buyers compare before approving a second source,Supplier,Very High,Thermal Insulator,IGBT,power electronics engineer; procurement,Unknown,Exact Google Autocomplete support: electrically insulating thermal pad,25,15,15,10,15,9,3,92,Tier A,Yes,/thermal-insulator/,Backlog,
TIM manufacturer,thermal interface material supplier industrial power supply,industrial power supply gap filler supplier; TIM manufacturer,how to qualify a thermal interface material supplier; what should buyers compare before approving a second source,Supplier,Very High,Thermal Interface Material,Industrial Power Supply,power supply engineer; procurement,Unknown,Exact Google Autocomplete support: TIM manufacturer,25,14,15,10,15,9,3,91,Tier A,Yes,/china-thermal-interface-material-supplier/,Backlog,
thermal interface material suppliers,thermal interface material suppliers,thermal interface material manufacturers; TIM companies,how to qualify a thermal interface material supplier; what should buyers compare before approving a second source,Supplier,Very High,Thermal Interface Material,Multiple,procurement; design engineer,Unknown,Exact Google Autocomplete match: thermal interface material suppliers,25,14,8,10,18,7,3,85,Tier A,Yes,/china-thermal-interface-material-supplier/,Published optimize existing,
EV battery thermal gel,battery pack thermal gel supplier China,EV battery thermal gel supplier; liquid cooling plate gap filler supplier,how to qualify a thermal gel supplier; what should buyers compare before approving a second source,Supplier,Very High,Thermal Gel,Battery Pack,battery thermal engineer; procurement,Unknown,No exact Autocomplete match; relevant commercial/application result types found in public SERP,25,15,15,10,7,9,3,84,Tier B,Yes,/battery-pack/thermal-gel-for-battery-pack-liquid-cooling-plates/,Supporting article needed,
thermal interface material suppliers,OBC thermal gel second source qualification,OBC thermal gel alternative; qualify thermal gel supplier,how to qualify a thermal gel supplier; what should buyers compare before approving a second source,Supplier qualification,Very High,Thermal Gel,OBC,SQE; procurement; thermal engineer,Unknown,No exact Autocomplete match; relevant commercial/application result types found in public SERP,25,15,15,10,7,9,3,84,Tier B,Yes,,Backlog,
battery gap filler sample,thermal gel sample for battery cooling plate,battery gap filler sample; liquid cooling plate thermal gel trial,what is the role of thermal gel in Battery Pack; which engineering variables matter,Sample request,Very High,Thermal Gel,Battery Pack,battery engineer; procurement,Unknown,No exact Autocomplete match; relevant commercial/application result types found in public SERP,25,15,15,10,7,9,3,84,Tier B,Yes,/request-sample/,Backlog,
thermal gel supplier,thermal gel supplier for PCS power modules,PCS gap filler supplier; thermal gel for PCS IGBT,how to qualify a thermal gel supplier; what should buyers compare before approving a second source,Application plus supplier,Very High,Thermal Gel,PCS,PCS engineer; procurement,Unknown,No exact Autocomplete match; relevant commercial/application result types found in public SERP,25,15,15,10,7,9,3,84,Tier B,Yes,/pcs/tim-selection-for-pcs/,Supporting article needed,
optical module thermal pad,thermal pad supplier for 800G optical modules,800G optical module thermal pad; OSFP thermal pad supplier,how to qualify a thermal pad supplier; what should buyers compare before approving a second source,Application plus supplier,Very High,Thermal Pad,800G Optical Module,optical hardware engineer; procurement,Unknown,No exact Autocomplete match; relevant commercial/application result types found in public SERP,25,15,15,10,7,9,3,84,Tier B,Yes,/optical-module/thermal-pad-selection-for-optical-modules/,Supporting article needed,
BMS encapsulant supplier,thermal potting compound supplier for BMS,BMS encapsulant supplier; thermally conductive potting BMS,how to qualify a thermal potting compound supplier; what should buyers compare before approving a second source,Application plus supplier,Very High,Thermal Potting Compound,BMS,BMS engineer; procurement,Unknown,No exact Autocomplete match; relevant commercial/application result types found in public SERP,25,15,15,10,7,9,3,84,Tier B,Yes,/energy-storage/thermal-materials-for-bms/,Backlog,
thermal interface material suppliers,thermal potting compound supplier for OBC,OBC encapsulant supplier; two-part thermal potting compound OBC,how to qualify a thermal potting compound supplier; what should buyers compare before approving a second source,Supplier,Very High,Thermal Potting Compound,OBC,electrical engineer; procurement,Unknown,No exact Autocomplete match; relevant commercial/application result types found in public SERP,25,15,15,10,7,9,3,84,Tier B,Yes,/potting-compound/thermal-potting-compound-for-obc-how-to-select-it/,Supporting article needed,
thermal adhesive cleaning,surface preparation for thermally conductive adhesive,thermal adhesive cleaning; bond-line surface preparation,how should engineers validate structural adhesive for Automotive Electronics; what belongs in a benchmark test plan,Process validation,High,Structural Adhesive,Automotive Electronics,process engineer; mechanical engineer,Unknown,Google Autocomplete returned related suggestions for: thermal adhesive cleaning,20,15,15,10,9,9,5,83,Tier B,No,/structural-adhesive/,Backlog,
thermal interface material suppliers,thermal interface material supplier for DC DC converter,DC/DC converter TIM supplier; automotive DC DC gap filler,how to qualify a thermal interface material supplier; what should buyers compare before approving a second source,Application plus supplier,Very High,Thermal Interface Material,DC/DC,power electronics engineer; procurement,Unknown,No exact Autocomplete match; relevant commercial/application result types found in public SERP,25,14,15,10,7,9,3,83,Tier B,Yes,,Backlog,
thermal pad compression ratio,thermal pad compression ratio,gap pad compression; thermal pad compression set,how to select thermal pad for Multiple; what should engineers validate before sampling,Engineering selection,High,Thermal Pad,Multiple,mechanical engineer; thermal engineer,Unknown,Exact Google Autocomplete match: thermal pad compression ratio,20,15,8,10,18,7,5,83,Tier A,No,/thermal-pad/thermal-pad-compression-ratio-explained/,Published,
gap pad compression set,thermal pad compression set test automotive,gap pad compression set; thermal pad recovery test,why does thermal pad fail in Automotive Electronics; how should engineers validate the failure mechanism,Failure and validation,High,Thermal Pad,Automotive Electronics,reliability engineer; mechanical engineer,Unknown,Google Autocomplete returned related suggestions for: gap pad compression set,20,15,15,10,9,9,5,83,Tier B,No,/thermal-pad/thermal-pad-compression-ratio-explained/,Supporting article needed,
thermal pad manufacturers in China,thermal pad supplier China,thermal pad manufacturers in China; thermal pad distributor,how to qualify a thermal pad supplier; what should buyers compare before approving a second source,Supplier,Very High,Thermal Pad,Multiple,procurement; thermal engineer,Unknown,Exact Google Autocomplete support: thermal pad manufacturers in China; thermal pad distributor,25,15,8,10,15,7,3,83,Tier A,Yes,/thermal-pad-supplier-china/,Published optimize existing,
battery cold plate bonding adhesive,thermal structural adhesive for battery cooling plate,battery cold plate bonding adhesive; thermally conductive structural bonding,how to select structural adhesive for Battery Pack; what should engineers validate before sampling,Application selection,High,Structural Adhesive,Battery Pack,battery mechanical engineer,Unknown,Google Autocomplete returned related suggestions for: thermally conductive structural bonding,20,15,15,10,9,9,5,83,Tier B,No,/structural-adhesive/,Backlog,
thermal gel for OBC,thermal gel benchmark test plan for OBC,OBC gap filler benchmark; thermal gel comparison test,how should engineers validate thermal gel for OBC; what belongs in a benchmark test plan,Benchmark,Very High,Thermal Gel,OBC,thermal engineer; validation engineer,Unknown,No exact Google Autocomplete evidence; demand remains unverified,25,15,15,10,3,9,5,82,Tier B,No,/benchmark-your-current-tim/,Backlog,
power electronics gap filler selection,how to select thermal gel for power electronics,power electronics gap filler selection; thermal gel selection,how to select thermal gel for Power Electronics; what should engineers validate before sampling,Selection,High,Thermal Gel,Power Electronics,power electronics engineer,Unknown,Google Autocomplete returned related suggestions for: thermal gel selection,20,15,15,10,9,7,5,81,Tier B,No,/thermal-gel/how-to-select-thermal-gel-for-power-electronics/,Published cluster hub,2026-09-10
optical module thermal pad,how to select thermal pads for 800G optical modules,800G OSFP thermal pad selection; optical module gap pad,how to select thermal pad for 800G Optical Module; what should engineers validate before sampling,Application selection,High,Thermal Pad,800G Optical Module,optical hardware engineer,Unknown,No exact Autocomplete match; relevant commercial/application result types found in public SERP,20,15,15,10,7,9,5,81,Tier B,No,/optical-module/thermal-pad-selection-for-optical-modules/,Expand existing or supporting article,
OBC TIM supplier,OBC thermal interface material supplier,OBC TIM supplier; OBC thermal materials China,how to qualify a thermal interface material supplier; what should buyers compare before approving a second source,Supplier,Very High,Thermal Interface Material,OBC,OBC engineer; procurement,Unknown,No exact Autocomplete match; relevant commercial/application result types found in public SERP,25,14,15,10,7,7,3,81,Tier B,Yes,/obc-thermal-material-supplier/,Published optimize existing,
optical module thermal pad supplier,optical transceiver TIM supplier,optical module thermal pad supplier; transceiver gap pad,how to qualify a thermal interface material supplier; what should buyers compare before approving a second source,Supplier,Very High,Thermal Interface Material,Optical Module,optical engineer; procurement,Unknown,No exact Autocomplete match; relevant commercial/application result types found in public SERP,25,14,15,10,7,7,3,81,Tier B,Yes,/optical-transceiver-tim-supplier/,Published optimize existing,
battery cooling plate gap filler,thermal gel for battery pack liquid cooling plates,battery cooling plate gap filler; EV battery thermal gel,how to select thermal gel for Battery Pack; what should engineers validate before sampling,Application selection,High,Thermal Gel,Battery Pack,battery thermal engineer,Unknown,Google Autocomplete returned related suggestions for: EV battery thermal gel,20,15,15,10,9,7,5,81,Tier B,No,/battery-pack/thermal-gel-for-battery-pack-liquid-cooling-plates/,Published,2026-09-10
gap filler pump-out,thermal gel pump out causes,gap filler pump-out; thermal compound pump-out,why does thermal gel fail in Power Electronics; how should engineers validate the failure mechanism,Failure diagnosis,High,Thermal Gel,Power Electronics,reliability engineer,Unknown,Google Autocomplete returned related suggestions for: thermal compound pump-out,20,15,15,10,9,7,5,81,Tier B,No,/thermal-gel/why-does-thermal-gel-pump-out/,Published,
optical module thermal pad,thermal pad for 1.6T optical module,1.6T transceiver thermal pad; high power OSFP TIM,how to select thermal pad for 1.6T Optical Module; what should engineers validate before sampling,Application selection,High,Thermal Pad,1.6T Optical Module,optical hardware engineer,Unknown,No exact Autocomplete match; relevant commercial/application result types found in public SERP,20,15,15,10,7,9,5,81,Tier B,No,/optical-module/thermal-interface-materials-for-optical-transceivers/,Backlog,
IGBT thermal pad selection,how to select TIM for IGBT and MOSFET,IGBT thermal pad selection; MOSFET TIM,how to select thermal interface material for IGBT / MOSFET; what should engineers validate before sampling,Application selection,High,Thermal Interface Material,IGBT / MOSFET,power electronics engineer,Unknown,Google Autocomplete returned related suggestions for: MOSFET TIM,20,14,15,10,9,7,5,80,Tier B,No,/power-electronics/how-to-select-tim-for-igbt-and-mosfet/,Published,2026-09-10
IGBT thermal grease alternative,thermal grease second source qualification for IGBT,IGBT thermal grease alternative; grease benchmark power module,how to qualify a thermal grease supplier; what should buyers compare before approving a second source,Supplier qualification,Very High,Thermal Grease,IGBT,power electronics engineer; SQE,Unknown,No exact Google Autocomplete evidence; demand remains unverified,25,15,15,10,3,9,3,80,Tier B,Yes,/power-electronics/how-to-select-tim-for-igbt-and-mosfet/,Backlog,
thermal pad alternative,thermal pad second source qualification,thermal pad alternative qualification; replacement thermal pad validation,how to qualify a thermal pad supplier; what should buyers compare before approving a second source,Supplier qualification,Very High,Thermal Pad,Power Electronics,SQE; procurement; reliability engineer,Unknown,No exact Google Autocomplete evidence; demand remains unverified,25,15,15,10,3,9,3,80,Tier B,Yes,/comparison/sp2000-thermal-pad-alternative-what-parameters-should-engineers-compare/,Supporting article needed,
thermally conductive structural adhesive,thermally conductive structural adhesive supplier automotive,thermal structural adhesive China; automotive thermal bonding adhesive,how to qualify a structural adhesive supplier; what should buyers compare before approving a second source,Supplier,Very High,Structural Adhesive,Automotive Electronics,mechanical engineer; procurement,Unknown,No exact Google Autocomplete evidence; demand remains unverified,25,15,15,10,3,9,3,80,Tier B,Yes,/structural-adhesive/,Backlog,
die-cut gap pad manufacturer China,custom die cut thermal pads China,die-cut gap pad manufacturer China; custom thermal pad supplier,how to qualify a thermal pad supplier; what should buyers compare before approving a second source,Custom supplier,Very High,Thermal Pad,Multiple,mechanical engineer; procurement,Unknown,Google Autocomplete returned related suggestions for: custom thermal pad supplier,25,15,8,10,9,9,3,79,Tier B,Yes,/thermal-pad-supplier-china/,Expand existing,
1K vs 2K gap filler PCS,one part vs two part thermal gel for PCS,1K vs 2K gap filler PCS; curable gel selection,which thermal gel option should engineers choose; what variables control the comparison,Comparison,High,Thermal Gel,PCS,process engineer; thermal engineer,Unknown,No exact Autocomplete match; relevant commercial/application result types found in public SERP,20,15,15,8,7,9,5,79,Tier B,No,/thermal-gel/one-part-vs-two-part-thermal-gel/,Expand existing,
SP2000 replacement,SP2000 thermal pad alternative,SP2000 replacement; equivalent thermal pad,how to qualify a thermal pad supplier; what should buyers compare before approving a second source,Alternative,Very High,Thermal Pad,Power Electronics,SQE; procurement; thermal engineer,Unknown,Google Autocomplete returned related suggestions for: equivalent thermal pad,25,15,15,5,9,7,3,79,Tier B,Yes,/comparison/sp2000-thermal-pad-alternative-what-parameters-should-engineers-compare/,Published,
optical transceiver gap pad selection,thermal pad selection for optical modules,optical transceiver gap pad selection; optical module TIM,how to select thermal pad for Optical Module; what should engineers validate before sampling,Application selection,High,Thermal Pad,Optical Module,optical hardware engineer,Unknown,No exact Autocomplete match; relevant commercial/application result types found in public SERP,20,15,15,10,7,7,5,79,Tier B,No,/optical-module/thermal-pad-selection-for-optical-modules/,Published cluster hub,2026-09-10
OBC thermal encapsulant,thermal potting compound for OBC selection,OBC thermal encapsulant; potting compound OBC,how to select thermal potting compound for OBC; what should engineers validate before sampling,Application selection,High,Thermal Potting Compound,OBC,electrical engineer,Unknown,No exact Autocomplete match; relevant commercial/application result types found in public SERP,20,15,15,10,7,7,5,79,Tier B,No,/potting-compound/thermal-potting-compound-for-obc-how-to-select-it/,Published,2026-09-10
thermal pad dielectric constant,thermal pad dielectric constant,do thermal pads conduct electricity; insulating thermal pad,what is the role of thermal pad in Power Electronics; which engineering variables matter,Engineering question,Medium,Thermal Pad,Power Electronics,electrical engineer,Unknown,Exact Google Autocomplete match: thermal pad dielectric constant,13,15,15,5,18,9,3,78,Tier C,No,/thermal-insulator/,Existing hub opportunity,
thermal gel for OBC,OBC thermal gel dispensing process validation,two-part gel dispense validation; OBC gap filler mixing control,how should engineers validate thermal gel for OBC; what belongs in a benchmark test plan,Process validation,High,Thermal Gel,OBC,process engineer; quality engineer,Unknown,No exact Google Autocomplete evidence; demand remains unverified,20,15,15,10,3,9,5,77,Tier B,No,/thermal-gel/common-thermal-gel-dispensing-problems/,Supporting article needed,
thermal gel oil separation,thermal gel bleeding causes power electronics,thermal gel oil separation; gap filler bleeding failure,why does thermal gel fail in Power Electronics; how should engineers validate the failure mechanism,Failure diagnosis,High,Thermal Gel,Power Electronics,reliability engineer; materials engineer,Unknown,No exact Google Autocomplete evidence; demand remains unverified,20,15,15,10,3,9,5,77,Tier B,No,,Backlog,
two-part gap filler incomplete cure,thermal gel cure inhibition causes,two-part gap filler incomplete cure; thermal gel mixing ratio failure,why does thermal gel fail in Power Electronics; how should engineers validate the failure mechanism,Failure diagnosis,High,Thermal Gel,Power Electronics,process engineer; quality engineer,Unknown,No exact Google Autocomplete evidence; demand remains unverified,20,15,15,10,3,9,5,77,Tier B,No,,Backlog,
thermal compound pump-out,thermal gel pump out reliability test for OBC,OBC gel pump-out test; thermal cycling gap filler reliability,why does thermal gel fail in OBC; how should engineers validate the failure mechanism,Failure and validation,High,Thermal Gel,OBC,reliability engineer; thermal engineer,Unknown,No exact Google Autocomplete evidence; demand remains unverified,20,15,15,10,3,9,5,77,Tier B,No,/thermal-gel/why-does-thermal-gel-pump-out/,Supporting article needed,
gap filler void acceptance,thermal gel void inspection after assembly,gap filler void acceptance; inspect thermal gel coverage,why does thermal gel fail in Power Electronics; how should engineers validate the failure mechanism,Failure diagnosis,High,Thermal Gel,Power Electronics,process engineer; quality engineer,Unknown,No exact Google Autocomplete evidence; demand remains unverified,20,15,15,10,3,9,5,77,Tier B,No,/thermal-gel/common-thermal-gel-dispensing-problems/,Backlog,
thermal pad dielectric strength test,thermal pad dielectric isolation qualification,thermal pad dielectric strength test; insulating TIM qualification,how should engineers validate thermal pad for Power Electronics; what belongs in a benchmark test plan,Validation,High,Thermal Pad,Power Electronics,electrical engineer; reliability engineer,Unknown,No exact Google Autocomplete evidence; demand remains unverified,20,15,15,10,3,9,5,77,Tier B,Yes,/thermal-insulator/thermal-insulator-for-obc-power-devices/,Backlog,
PDU gap pad selection,thermal pad for PDU power electronics,PDU gap pad selection; EV power distribution unit TIM,how to select thermal pad for PDU; what should engineers validate before sampling,Application selection,High,Thermal Pad,PDU,automotive electronics engineer,Unknown,No exact Google Autocomplete evidence; demand remains unverified,20,15,15,10,3,9,5,77,Tier B,No,,Backlog,
TIM comparison,thermal pad vs thermal grease vs thermal gel,TIM comparison; pad gel grease selection,which thermal interface material option should engineers choose; what variables control the comparison,Comparison,High,Thermal Interface Material,Multiple,design engineer; thermal engineer,Unknown,Exact Google Autocomplete support: TIM comparison,20,14,8,8,15,7,5,77,Tier A,No,/comparison/thermal-pad-vs-thermal-grease-vs-thermal-gel/,Published,2026-09-10
5 W/mK OBC gap filler,5W thermal gel for OBC,5 W/mK OBC gap filler; high conductivity OBC gel,how to select thermal gel for OBC; what should engineers validate before sampling,Application selection,High,Thermal Gel,OBC,OBC thermal engineer,Unknown,No exact Google Autocomplete evidence; demand remains unverified,20,15,15,10,3,7,5,75,Tier B,No,/obc/5w-mk-thermal-gel-for-obc-when-is-it-necessary/,Published,2026-09-10
OBC insulation pad,thermal insulator for OBC power devices,OBC insulation pad; electrically insulating TIM OBC,how to select thermal insulator for OBC; what should engineers validate before sampling,Application selection,High,Thermal Insulator,OBC,electrical engineer,Unknown,No exact Google Autocomplete evidence; demand remains unverified,20,15,15,10,3,7,5,75,Tier B,No,/thermal-insulator/thermal-insulator-for-obc-power-devices/,Published,2026-09-10
soft gap pad optical transceiver,thermal pad hardness vs compression optical module,soft gap pad optical transceiver; Shore 00 pad compression,which thermal pad option should engineers choose; what variables control the comparison,Comparison,High,Thermal Pad,Optical Module,optical mechanical engineer,Unknown,No exact Google Autocomplete evidence; demand remains unverified,20,15,15,8,3,9,5,75,Tier B,No,/thermal-pad/thermal-pad-hardness-explained/,Supporting article needed,
choose thermal pad thickness,thermal pad thickness selection,choose thermal pad thickness; gap pad thickness guide,how to select thermal pad for Multiple; what should engineers validate before sampling,Selection,High,Thermal Pad,Multiple,mechanical engineer,Unknown,Google Autocomplete returned related suggestions for: choose thermal pad thickness; gap pad thickness guide,20,15,8,10,9,7,5,74,Tier D,No,/thermal-pad/thermal-pad-thickness-selection-guide/,Published,2026-09-10
PCS IGBT TIM,TIM selection for PCS,PCS IGBT TIM; power conversion system thermal material,how to select thermal interface material for PCS; what should engineers validate before sampling,Application selection,High,Thermal Interface Material,PCS,PCS engineer,Unknown,No exact Google Autocomplete evidence; demand remains unverified,20,14,15,10,3,7,5,74,Tier D,No,/pcs/tim-selection-for-pcs/,Published cluster hub,2026-09-10
thermal pad selection guide,how to select a thermal pad,thermal pad selection guide; choose gap pad,how to select thermal pad for Multiple; what should engineers validate before sampling,Selection,Medium,Thermal Pad,Multiple,design engineer,Unknown,Exact Google Autocomplete support: thermal pad selection guide,13,15,8,10,15,7,5,73,Tier C,No,/thermal-pad/how-to-select-a-thermal-pad/,Published cluster hub,2026-09-10
thermal conductivity vs thermal resistance,thermal conductivity vs thermal resistance,bulk conductivity vs installed resistance; TIM resistance,which thermal interface material option should engineers choose; what variables control the comparison,Comparison,Medium,Thermal Interface Material,Multiple,thermal engineer,Unknown,Exact Google Autocomplete match: thermal conductivity vs thermal resistance,13,14,8,8,18,7,5,73,Tier C,No,/comparison/thermal-conductivity-vs-thermal-resistance/,Published,2026-09-10
AI server TIM,thermal management materials for AI servers,AI server TIM; server thermal interface material,what is the role of thermal interface material in AI Server; which engineering variables matter,Application overview,High,Thermal Interface Material,AI Server,server thermal engineer,Unknown,Google Autocomplete returned related suggestions for: AI server TIM,20,14,15,5,9,7,3,73,Tier D,No,/server/thermal-management-materials-for-ai-servers/,Published cluster hub,2026-09-10
BMS thermal pad,thermal materials for BMS,BMS thermal pad; BMS thermal interface material,what is the role of thermal interface material in BMS; which engineering variables matter,Application overview,High,Thermal Interface Material,BMS,BMS engineer,Unknown,Google Autocomplete returned related suggestions for: BMS thermal pad,20,14,15,5,9,7,3,73,Tier D,No,/energy-storage/thermal-materials-for-bms/,Published,2026-09-10
thermal pad equivalent validation,thermal pad replacement qualification checklist,thermal pad equivalent validation; alternative gap pad checklist,how to qualify a thermal pad supplier; what should buyers compare before approving a second source,Alternative qualification,Very High,Thermal Pad,Multiple,SQE; procurement; thermal engineer,Unknown,No exact Google Autocomplete evidence; demand remains unverified,25,15,8,10,3,9,3,73,Tier D,No,/comparison/sp2000-thermal-pad-alternative-what-parameters-should-engineers-compare/,Supporting article needed,
thermal pad conductivity comparison,3W vs 6W vs 8W thermal pad,thermal pad conductivity comparison; gap pad W/mK selection,which thermal pad option should engineers choose; what variables control the comparison,Comparison,High,Thermal Pad,Multiple,thermal engineer; design engineer,Unknown,Google Autocomplete returned related suggestions for: thermal pad conductivity comparison,20,15,8,8,9,7,5,72,Tier D,No,/comparison/3w-vs-6w-vs-8w-thermal-pad/,Published,2026-09-10
thermal interface material suppliers,thermal interface material RFQ checklist,TIM supplier RFQ; thermal material inquiry checklist,what is the role of thermal interface material in Multiple; which engineering variables matter,RFQ preparation,Very High,Thermal Interface Material,Multiple,procurement; thermal engineer,Unknown,No exact Google Autocomplete evidence; demand remains unverified,25,14,8,10,3,9,3,72,Tier D,No,/discuss-your-application/,Backlog,
OBC gap pad or gel,thermal pad vs thermal gel for OBC,OBC gap pad or gel; OBC TIM comparison,which thermal interface material option should engineers choose; what variables control the comparison,Comparison,High,Thermal Interface Material,OBC,OBC engineer,Unknown,No exact Google Autocomplete evidence; demand remains unverified,20,14,15,8,3,7,5,72,Tier D,No,/obc/thermal-pad-vs-thermal-gel-for-obc/,Published,2026-09-10
thermal gel manufacturer China,thermal gel supplier China,thermal gel manufacturer China; thermal gap filler supplier,how to qualify a thermal gel supplier; what should buyers compare before approving a second source,Supplier,Very High,Thermal Gel,Multiple,procurement; process engineer,Unknown,No exact Google Autocomplete evidence; demand remains unverified,25,15,8,10,3,7,3,71,Tier D,No,/thermal-gel-supplier-china/,Published optimize existing,
OBC TIM selection,thermal interface materials for OBC,OBC TIM selection; OBC thermal materials,what is the role of thermal interface material in OBC; which engineering variables matter,Application overview,High,Thermal Interface Material,OBC,OBC engineer,Unknown,No exact Autocomplete match; relevant commercial/application result types found in public SERP,20,14,15,5,7,7,3,71,Tier D,No,/obc/thermal-interface-materials-for-obc-complete-selection-guide/,Published cluster hub,2026-09-10
optical module TIM,thermal interface materials for optical transceivers,optical module TIM; transceiver thermal interface,what is the role of thermal interface material in Optical Module; which engineering variables matter,Application overview,High,Thermal Interface Material,Optical Module,optical hardware engineer,Unknown,No exact Autocomplete match; relevant commercial/application result types found in public SERP,20,14,15,5,7,7,3,71,Tier D,No,/optical-module/thermal-interface-materials-for-optical-transceivers/,Published,2026-09-10
gap filler dispenser compatibility,thermal gel dispensing equipment compatibility,gap filler dispenser compatibility; two-part gel static mixer validation,how to select thermal gel for Multiple; what should engineers validate before sampling,Process selection,High,Thermal Gel,Multiple,manufacturing engineer; process engineer,Unknown,No exact Google Autocomplete evidence; demand remains unverified,20,15,8,10,3,9,5,70,Tier D,No,/thermal-gel/common-thermal-gel-dispensing-problems/,Backlog,
gap pad displacement vibration,thermal pad vibration reliability test,gap pad displacement vibration; automotive TIM vibration validation,what is the role of thermal pad in Automotive Electronics; which engineering variables matter,Reliability,High,Thermal Pad,Automotive Electronics,reliability engineer,Unknown,No exact Google Autocomplete evidence; demand remains unverified,20,15,15,5,3,9,3,70,Tier D,No,,Backlog,
two-part gap filler OBC,why OBC modules use two part thermal gel,two-part gap filler OBC; curable gel OBC,what is the role of thermal gel in OBC; which engineering variables matter,Engineering explanation,High,Thermal Gel,OBC,OBC engineer; process engineer,Unknown,No exact Google Autocomplete evidence; demand remains unverified,20,15,15,5,3,7,5,70,Tier D,No,/obc/why-do-obc-modules-use-two-part-thermal-gel/,Published,2026-09-10
custom gap pad thickness,thermal pad custom thickness supplier,custom gap pad thickness; die-cut thermal pad supplier,how to qualify a thermal pad supplier; what should buyers compare before approving a second source,Custom supplier,Very High,Thermal Pad,Multiple,mechanical engineer; procurement,Unknown,No exact Google Autocomplete evidence; demand remains unverified,25,15,8,10,3,5,3,69,Tier D,No,/thermal-pad/thermal-pad-thickness-selection-guide/,Supporting article needed,
installed thermal resistance benchmark,thermal resistance benchmark for current TIM,installed thermal resistance benchmark; compare current gap filler,how should engineers validate thermal interface material for Multiple; what belongs in a benchmark test plan,Benchmark,High,Thermal Interface Material,Multiple,thermal engineer; validation engineer,Unknown,No exact Google Autocomplete evidence; demand remains unverified,20,14,8,10,3,9,5,69,Tier D,No,/benchmark-your-current-tim/,Backlog,
gap filler dispensing defects,common thermal gel dispensing problems,gap filler dispensing defects; thermal gel process problems,why does thermal gel fail in Multiple; how should engineers validate the failure mechanism,Failure diagnosis,High,Thermal Gel,Multiple,process engineer,Unknown,No exact Google Autocomplete evidence; demand remains unverified,20,15,8,10,3,7,5,68,Tier D,No,/thermal-gel/common-thermal-gel-dispensing-problems/,Published,2026-09-10
OBC thermal material architecture,why an OBC uses multiple thermal interface materials,OBC thermal material architecture; multiple TIM types,what is the role of thermal interface material in OBC; which engineering variables matter,Engineering explanation,Medium,Thermal Interface Material,OBC,OBC system engineer,Unknown,Google Autocomplete returned related suggestions for: multiple TIM types,13,14,15,5,9,7,5,68,Tier C,No,/obc/why-does-an-obc-use-multiple-thermal-interface-materials/,Published,2026-09-10
ESS thermal materials,thermal interface materials for energy storage systems,ESS thermal materials; energy storage TIM selection,what is the role of thermal interface material in ESS; which engineering variables matter,Application overview,High,Thermal Interface Material,ESS,ESS engineer,Unknown,No exact Google Autocomplete evidence; demand remains unverified,20,14,15,5,3,7,3,67,Tier D,No,/energy-storage/thermal-interface-materials-for-energy-storage-systems/,Published,2026-09-10
Shore 00 thermal pad,thermal pad hardness explained,Shore 00 thermal pad; gap pad softness,what is the role of thermal pad in Multiple; which engineering variables matter,Engineering explanation,Medium,Thermal Pad,Multiple,mechanical engineer,Unknown,Google Autocomplete returned related suggestions for: thermal pad hardness explained; gap pad softness,13,15,8,5,9,7,5,62,Tier C,No,/thermal-pad/thermal-pad-hardness-explained/,Published,2026-09-10
what is thermal gel,what is thermal gel,thermal gel material; thermal paste vs thermal gel,what is the role of thermal gel in Multiple; which engineering variables matter,Informational,Low,Thermal Gel,Multiple,general engineer; student,Unknown,Exact Google Autocomplete match: what is thermal gel,6,15,8,5,18,7,3,62,Tier C,No,/thermal-gel/what-is-thermal-gel/,Published,2026-09-10
TIM test method differences,why thermal material test results differ,TIM test method differences; thermal conductivity result variation,what is the role of thermal interface material in Testing; which engineering variables matter,Testing explanation,Medium,Thermal Interface Material,Testing,test engineer; quality engineer,Unknown,No exact Google Autocomplete evidence; demand remains unverified,13,14,10,5,3,7,5,57,Tier D,No,/testing/why-can-the-same-thermal-material-produce-different-test-results/,Published,2026-09-10
bond line thickness thermal resistance,how gap thickness affects thermal performance,bond line thickness thermal resistance; TIM gap effect,what is the role of thermal interface material in Multiple; which engineering variables matter,Engineering explanation,Medium,Thermal Interface Material,Multiple,thermal engineer,Unknown,No exact Google Autocomplete evidence; demand remains unverified,13,14,8,5,3,7,5,55,Tier D,No,/thermal-gel/how-gap-thickness-affects-thermal-performance/,Published,2026-09-10
